{
    "normals": [0.577349,-0.577349,-0.577349,0.577349,-0.577349,0.577349,-0.833766,-0.122349,0.538377,-0.833766,-0.122349,-0.538377,0.493088,0.66274,-0.563524,0.493088,0.66274,0.563524],
    "faces": [33,0,1,2,3,0,1,2,3,33,0,4,5,1,0,4,5,1,32,1,5,2,1,5,2,33,2,5,4,3,2,5,4,3,32,4,0,3,4,0,3],
    "uvs": [],
    "vertices": [5,-1.5,-1.5,5,-1.5,1.5,-5,-1.5,1.5,-5,-1.5,-1.5,5,1.5,-1.5,5,1.5,1.5],
    "metadata": {
        "version": 3,
        "faces": 5,
        "normals": 6,
        "generator": "io_three",
        "vertices": 6,
        "type": "Geometry",
        "uvs": 0
    },
    "name": "CubeGeometry"
}